iter	RMSE
0	4091.431737
1	2584.684475
2	1918.071549
3	1459.809204
4	1216.749295
