iter	RMSE
0	4090.57594
1	2583.66425
2	1916.346534
3	1457.813883
4	1215.209228
