iter	RMSE
0	4091.393491
1	2584.503574
2	1918.13862
3	1459.734103
4	1216.822161
